{"cameraMode":{"drawMode":0,"name":"Shaded","section":"Shading Mode"},"sceneLighting":false,"audioPlay":false,"sceneViewState":{"m_AlwaysRefresh":false,"showFog":true,"showSkybox":true,"showFlares":true,"showImageEffects":true,"showParticleSystems":true,"showVisualEffectGraphs":true,"m_FxEnabled":true},"in2DMode":false,"pivot":{"x":13.571442604064942,"y":9.601226806640625,"z":29.33078384399414},"rotation":{"x":-0.03762993961572647,"y":-0.09519225358963013,"z":0.003597693284973502,"w":-0.9947555065155029},"size":5.436086177825928,"orthographic":false}