{"cameraMode":{"drawMode":0,"name":"Shaded","section":"Shading Mode"},"sceneLighting":false,"audioPlay":false,"sceneViewState":{"m_AlwaysRefresh":false,"showFog":true,"showSkybox":true,"showFlares":true,"showImageEffects":true,"showParticleSystems":true,"showVisualEffectGraphs":true,"m_FxEnabled":true},"in2DMode":false,"pivot":{"x":398.809326171875,"y":226.4174346923828,"z":-496.17034912109377},"rotation":{"x":-0.028806017711758615,"y":-0.0009030405781231821,"z":0.00002505312477296684,"w":-0.999594509601593},"size":0.8660253882408142,"orthographic":false}