{"cameraMode":{"drawMode":0,"name":"Shaded","section":"Shading Mode"},"sceneLighting":false,"audioPlay":false,"sceneViewState":{"m_AlwaysRefresh":false,"showFog":true,"showSkybox":true,"showFlares":true,"showImageEffects":true,"showParticleSystems":true,"showVisualEffectGraphs":true,"m_FxEnabled":true},"in2DMode":false,"pivot":{"x":253.82017517089845,"y":92.8576889038086,"z":-188.07022094726563},"rotation":{"x":-0.015307832509279251,"y":0.014094741083681584,"z":-0.00021622156782541424,"w":-0.9997907280921936},"size":51.176536560058597,"orthographic":false}